{"cameraMode":{"drawMode":0,"name":"Shaded","section":"Shading Mode"},"sceneLighting":false,"audioPlay":false,"sceneViewState":{"m_AlwaysRefresh":false,"showFog":true,"showSkybox":false,"showFlares":true,"showImageEffects":true,"showParticleSystems":true,"showVisualEffectGraphs":true,"m_FxEnabled":true},"in2DMode":false,"pivot":{"x":2.890000104904175,"y":0.6464647650718689,"z":-1.9600000381469727},"rotation":{"x":-0.44707539677619936,"y":-0.02482820302248001,"z":0.012415435165166855,"w":-0.8940675258636475},"size":4.367801189422607,"orthographic":false}