{"cameraMode":{"drawMode":0,"name":"Shaded","section":"Shading Mode"},"sceneLighting":true,"audioPlay":false,"sceneViewState":{"m_AlwaysRefresh":false,"showFog":true,"showSkybox":true,"showFlares":true,"showImageEffects":true,"showParticleSystems":true,"showVisualEffectGraphs":true,"m_FxEnabled":true},"in2DMode":false,"pivot":{"x":2.6850855350494386,"y":-3.8024559020996095,"z":-3.3766233921051027},"rotation":{"x":0.4825308322906494,"y":0.05302633345127106,"z":-0.029282866045832635,"w":0.8737820386886597},"size":12.891424179077149,"orthographic":false}