{"cameraMode":{"drawMode":0,"name":"Shaded","section":"Shading Mode"},"sceneLighting":true,"audioPlay":false,"sceneViewState":{"m_AlwaysRefresh":false,"showFog":true,"showSkybox":true,"showFlares":true,"showImageEffects":true,"showParticleSystems":true,"showVisualEffectGraphs":true,"m_FxEnabled":true},"in2DMode":false,"pivot":{"x":-1.9093270301818848,"y":-5.291742324829102,"z":9.740941047668457},"rotation":{"x":0.3246842920780182,"y":-0.01764688640832901,"z":0.006059048697352409,"w":0.9456384778022766},"size":14.278935432434082,"orthographic":false}