{"cameraMode":{"drawMode":0,"name":"Shaded","section":"Shading Mode"},"sceneLighting":false,"audioPlay":false,"sceneViewState":{"m_AlwaysRefresh":false,"showFog":true,"showSkybox":false,"showFlares":true,"showImageEffects":true,"showParticleSystems":true,"showVisualEffectGraphs":true,"m_FxEnabled":true},"in2DMode":false,"pivot":{"x":-1.9500000476837159,"y":0.44999951124191286,"z":-1.49399995803833},"rotation":{"x":-0.44707539677619936,"y":-0.02482820302248001,"z":0.012415435165166855,"w":-0.8940675258636475},"size":0.7300217151641846,"orthographic":false}